id;status;level;trainer;active_from;activeto
1;encapsulate;meh catch solemnly;forenenst;2024-01-01T23:38:27;2024-01-01T17:42:51
2;insolence whenever underpants;pesky oxidize for;quizzically opposite;2024-01-01T19:32:03;2024-01-01T16:10:55
3;squatter dependable;woefully yet a;lest alongside apropos;2024-01-01T05:21:03;2024-01-01T13:16:50
4;aw rudely known;even;busily within kit;2024-01-01T07:55:38;2024-01-01T12:16:14
5;lest luminous;typify;yahoo disrespect;2024-01-01T21:45:08;2024-01-01T20:10:24
6;where dig;how unwitting;drape phony meaningfully;2024-01-01T03:35:14;2024-01-01T02:51:59
7;shady genuine;ick;since;2024-01-01T11:23:26;2024-01-01T21:00:26
8;whoa spear;lest monkey;sad lock across;2024-01-01T04:55:31;2024-01-01T14:18:40
9;that forenenst failing;over sweetly now;genie;2024-01-01T18:42:41;2024-01-01T07:25:31
10;woot elegantly eek;though over;because since;2024-01-01T11:28:10;2024-01-01T09:12:19
